date,iso,country,scale,note
2020-02-16,CHN,China,Localized,
2020-02-16,CHN,"China, Hong Kong Special Administrative Region",Localized,
2020-02-16,CHN,"China, Macao Special Administrative Region",Localized,
2020-02-17,CHN,China,Localized,
2020-02-17,CHN,"China, Hong Kong Special Administrative Region",Localized,
2020-02-17,CHN,"China, Macao Special Administrative Region",Localized,
2020-02-18,CHN,China,Localized,
2020-02-18,CHN,"China, Hong Kong Special Administrative Region",Localized,
2020-02-18,CHN,"China, Macao Special Administrative Region",Localized,
2020-02-19,CHN,China,Localized,
2020-02-19,CHN,"China, Hong Kong Special Administrative Region",Localized,
2020-02-19,CHN,"China, Macao Special Administrative Region",Localized,
2020-02-19,MNG,Mongolia,National,
2020-02-20,CHN,China,Localized,
2020-02-20,CHN,"China, Hong Kong Special Administrative Region",Localized,
2020-02-20,CHN,"China, Macao Special Administrative Region",Localized,
2020-02-20,MNG,Mongolia,National,
2020-02-21,CHN,China,National,
2020-02-21,CHN,"China, Hong Kong Special Administrative Region",Localized,
2020-02-21,CHN,"China, Macao Special Administrative Region",Localized,
2020-02-21,MNG,Mongolia,National,
2020-02-22,CHN,China,National,
2020-02-22,CHN,"China, Hong Kong Special Administrative Region",Localized,
2020-02-22,CHN,"China, Macao Special Administrative Region",Localized,
2020-02-22,MNG,Mongolia,National,
2020-02-23,CHN,China,National,
2020-02-23,CHN,"China, Hong Kong Special Administrative Region",Localized,
2020-02-23,CHN,"China, Macao Special Administrative Region",Localized,
2020-02-23,MNG,Mongolia,National,
2020-02-24,CHN,China,National,
2020-02-24,CHN,"China, Hong Kong Special Administrative Region",Localized,
2020-02-24,CHN,"China, Macao Special Administrative Region",Localized,
2020-02-24,ITA,Italy,Localized,
2020-02-24,MNG,Mongolia,National,
2020-02-25,CHN,China,National,
2020-02-25,CHN,"China, Hong Kong Special Administrative Region",Localized,
2020-02-25,CHN,"China, Macao Special Administrative Region",Localized,
2020-02-25,ITA,Italy,Localized,
2020-02-25,MNG,Mongolia,National,
2020-02-26,BHR,Bahrain,National,
2020-02-26,CHN,China,National,
2020-02-26,CHN,"China, Hong Kong Special Administrative Region",Localized,
2020-02-26,CHN,"China, Macao Special Administrative Region",Localized,
2020-02-26,IRN,Iran (Islamic Republic of),National,
2020-02-26,ITA,Italy,Localized,
2020-02-26,MNG,Mongolia,National,
2020-02-27,BHR,Bahrain,National,
2020-02-27,CHN,China,National,
2020-02-27,CHN,"China, Hong Kong Special Administrative Region",National,
2020-02-27,CHN,"China, Macao Special Administrative Region",National,
2020-02-27,IRN,Iran (Islamic Republic of),National,
2020-02-27,ITA,Italy,Localized,
2020-02-27,MNG,Mongolia,National,
2020-02-27,PAK,Pakistan,Localized,
2020-02-28,BHR,Bahrain,National,
2020-02-28,CHN,China,National,
2020-02-28,CHN,"China, Hong Kong Special Administrative Region",National,
2020-02-28,CHN,"China, Macao Special Administrative Region",National,
2020-02-28,GBR,United Kingdom of Great Britain and Northern Ireland,Localized,
2020-02-28,IRN,Iran (Islamic Republic of),National,
2020-02-28,IRQ,Iraq,Localized,Universities on term break. Closures not related to COVID-19.
2020-02-28,ITA,Italy,Localized,
2020-02-28,MNG,Mongolia,National,
2020-02-28,PAK,Pakistan,Localized,
2020-02-28,USA,United States of America,Localized,
2020-02-28,VNM,Viet Nam,Localized,
2020-02-29,BHR,Bahrain,National,
2020-02-29,CHN,China,National,
2020-02-29,CHN,"China, Hong Kong Special Administrative Region",National,
2020-02-29,CHN,"China, Macao Special Administrative Region",National,
2020-02-29,GBR,United Kingdom of Great Britain and Northern Ireland,Localized,
2020-02-29,IRN,Iran (Islamic Republic of),National,
2020-02-29,IRQ,Iraq,Localized,Universities on term break. Closures not related to COVID-19.
2020-02-29,ITA,Italy,Localized,
2020-02-29,MNG,Mongolia,National,
2020-02-29,PAK,Pakistan,Localized,
2020-02-29,USA,United States of America,Localized,
2020-02-29,VNM,Viet Nam,Localized,
2020-03-01,BHR,Bahrain,National,
2020-03-01,CHN,China,National,
2020-03-01,CHN,"China, Hong Kong Special Administrative Region",National,
2020-03-01,CHN,"China, Macao Special Administrative Region",National,
2020-03-01,GBR,United Kingdom of Great Britain and Northern Ireland,Localized,
2020-03-01,IRN,Iran (Islamic Republic of),National,
2020-03-01,IRQ,Iraq,Localized,Universities on term break. Closures not related to COVID-19.
2020-03-01,ITA,Italy,Localized,
2020-03-01,MNG,Mongolia,National,
2020-03-01,PAK,Pakistan,Localized,
2020-03-01,USA,United States of America,Localized,
2020-03-01,VNM,Viet Nam,Localized,
2020-03-02,ARM,Armenia,National,
2020-03-02,BHR,Bahrain,National,
2020-03-02,CHN,China,National,
2020-03-02,CHN,"China, Hong Kong Special Administrative Region",National,
2020-03-02,CHN,"China, Macao Special Administrative Region",National,
2020-03-02,GBR,United Kingdom of Great Britain and Northern Ireland,Localized,
2020-03-02,GEO,Georgia,National,
2020-03-02,IRN,Iran (Islamic Republic of),National,
2020-03-02,IRQ,Iraq,Localized,Universities on term break. Closures not related to COVID-19.
2020-03-02,ITA,Italy,Localized,
2020-03-02,JPN,Japan,National,
2020-03-02,KOR,Republic of Korea,National,"Following an initial postponement of 2 weeks, universities have started the academic year. Group and face-to-face classes are strongly discouraged, and universities are offering online classes."
2020-03-02,KWT,Kuwait,National,
2020-03-02,LBN,Lebanon,National,
2020-03-02,MNG,Mongolia,National,
2020-03-02,PAK,Pakistan,Localized,
2020-03-02,PRK,Democratic People's Republic of Korea,National,
2020-03-02,USA,United States of America,Localized,
2020-03-02,VNM,Viet Nam,Localized,
2020-03-03,AFG,Afghanistan,Localized,
2020-03-03,ARM,Armenia,National,
2020-03-03,AZE,Azerbaijan,National,
2020-03-03,BHR,Bahrain,National,
2020-03-03,CHN,China,National,
2020-03-03,CHN,"China, Hong Kong Special Administrative Region",National,
2020-03-03,CHN,"China, Macao Special Administrative Region",National,
2020-03-03,DEU,Germany,Localized,
2020-03-03,FRA,France,Localized,
2020-03-03,GBR,United Kingdom of Great Britain and Northern Ireland,Localized,
2020-03-03,GEO,Georgia,National,
2020-03-03,IRN,Iran (Islamic Republic of),National,
2020-03-03,IRQ,Iraq,Localized,Universities on term break. Closures not related to COVID-19.
2020-03-03,ITA,Italy,Localized,
2020-03-03,JPN,Japan,National,
2020-03-03,KEN,Kenya,National,
2020-03-03,KOR,Republic of Korea,National,"Following an initial postponement of 2 weeks, universities have started the academic year. Group and face-to-face classes are strongly discouraged, and universities are offering online classes."
2020-03-03,KWT,Kuwait,National,
2020-03-03,LBN,Lebanon,National,
2020-03-03,MNG,Mongolia,National,
2020-03-03,PAK,Pakistan,Localized,
2020-03-03,PRK,Democratic People's Republic of Korea,National,
2020-03-03,USA,United States of America,Localized,
2020-03-03,VNM,Viet Nam,Localized,
2020-03-04,AFG,Afghanistan,Localized,
2020-03-04,ARM,Armenia,National,
2020-03-04,AZE,Azerbaijan,National,
2020-03-04,BHR,Bahrain,National,
2020-03-04,CHN,China,National,
2020-03-04,CHN,"China, Hong Kong Special Administrative Region",National,
2020-03-04,CHN,"China, Macao Special Administrative Region",National,
2020-03-04,DEU,Germany,Localized,
2020-03-04,FRA,France,Localized,
2020-03-04,GBR,United Kingdom of Great Britain and Northern Ireland,Localized,
2020-03-04,GEO,Georgia,National,
2020-03-04,IND,India,Localized,"While no national level announcement has been made, 27 of 28 states and 5 of 8 union territories have announced school closures with some variations in school levels."
2020-03-04,IRN,Iran (Islamic Republic of),National,
2020-03-04,IRQ,Iraq,Localized,Universities on term break. Closures not related to COVID-19.
2020-03-04,ITA,Italy,National,
2020-03-04,JPN,Japan,National,
2020-03-04,KEN,Kenya,National,
2020-03-04,KOR,Republic of Korea,National,"Following an initial postponement of 2 weeks, universities have started the academic year. Group and face-to-face classes are strongly discouraged, and universities are offering online classes."
2020-03-04,KWT,Kuwait,National,
2020-03-04,LBN,Lebanon,National,
2020-03-04,MNG,Mongolia,National,
2020-03-04,PAK,Pakistan,Localized,
2020-03-04,PRK,Democratic People's Republic of Korea,National,
2020-03-04,USA,United States of America,Localized,
2020-03-04,VNM,Viet Nam,Localized,
2020-03-05,AFG,Afghanistan,Localized,
2020-03-05,ARM,Armenia,National,
2020-03-05,AZE,Azerbaijan,National,
2020-03-05,BHR,Bahrain,National,
2020-03-05,CHN,China,National,
2020-03-05,CHN,"China, Hong Kong Special Administrative Region",National,
2020-03-05,CHN,"China, Macao Special Administrative Region",National,
2020-03-05,DEU,Germany,Localized,
2020-03-05,FRA,France,Localized,
2020-03-05,GBR,United Kingdom of Great Britain and Northern Ireland,Localized,
2020-03-05,GEO,Georgia,National,
2020-03-05,GRC,Greece,Localized,
2020-03-05,IND,India,Localized,"While no national level announcement has been made, 27 of 28 states and 5 of 8 union territories have announced school closures with some variations in school levels."
2020-03-05,IRN,Iran (Islamic Republic of),National,
2020-03-05,IRQ,Iraq,Localized,Universities on term break. Closures not related to COVID-19.
2020-03-05,ITA,Italy,National,
2020-03-05,JPN,Japan,National,
2020-03-05,KEN,Kenya,National,
2020-03-05,KOR,Republic of Korea,National,"Following an initial postponement of 2 weeks, universities have started the academic year. Group and face-to-face classes are strongly discouraged, and universities are offering online classes."
2020-03-05,KWT,Kuwait,National,
2020-03-05,LBN,Lebanon,National,
2020-03-05,MNG,Mongolia,National,
2020-03-05,PAK,Pakistan,Localized,
2020-03-05,PRK,Democratic People's Republic of Korea,National,
2020-03-05,PRT,Portugal,Localized,
2020-03-05,PSE,Palestine,Localized,
2020-03-05,USA,United States of America,Localized,
2020-03-05,VNM,Viet Nam,Localized,
2020-03-06,AFG,Afghanistan,Localized,
2020-03-06,ARM,Armenia,National,
2020-03-06,AZE,Azerbaijan,National,
2020-03-06,BHR,Bahrain,National,
2020-03-06,BTN,Bhutan,Localized,
2020-03-06,CHN,China,National,
2020-03-06,CHN,"China, Hong Kong Special Administrative Region",National,
2020-03-06,CHN,"China, Macao Special Administrative Region",National,
2020-03-06,DEU,Germany,Localized,
2020-03-06,FRA,France,Localized,
2020-03-06,GBR,United Kingdom of Great Britain and Northern Ireland,Localized,
2020-03-06,GEO,Georgia,National,
2020-03-06,GRC,Greece,Localized,
2020-03-06,IND,India,Localized,"While no national level announcement has been made, 27 of 28 states and 5 of 8 union territories have announced school closures with some variations in school levels."
2020-03-06,IRN,Iran (Islamic Republic of),National,
2020-03-06,IRQ,Iraq,Localized,Universities on term break. Closures not related to COVID-19.
2020-03-06,ITA,Italy,National,
2020-03-06,JPN,Japan,National,
2020-03-06,KEN,Kenya,National,
2020-03-06,KOR,Republic of Korea,National,"Following an initial postponement of 2 weeks, universities have started the academic year. Group and face-to-face classes are strongly discouraged, and universities are offering online classes."
2020-03-06,KWT,Kuwait,National,
2020-03-06,LBN,Lebanon,National,
2020-03-06,MNG,Mongolia,National,
2020-03-06,PAK,Pakistan,Localized,
2020-03-06,PRK,Democratic People's Republic of Korea,National,
2020-03-06,PRT,Portugal,Localized,
2020-03-06,PSE,Palestine,Localized,
2020-03-06,UKR,Ukraine,Localized,
2020-03-06,USA,United States of America,Localized,
2020-03-06,VNM,Viet Nam,Localized,
2020-03-07,AFG,Afghanistan,Localized,
2020-03-07,ARM,Armenia,National,
2020-03-07,AZE,Azerbaijan,National,
2020-03-07,BHR,Bahrain,National,
2020-03-07,BTN,Bhutan,Localized,
2020-03-07,CHN,China,National,
2020-03-07,CHN,"China, Hong Kong Special Administrative Region",National,
2020-03-07,CHN,"China, Macao Special Administrative Region",National,
2020-03-07,DEU,Germany,Localized,
2020-03-07,FRA,France,Localized,
2020-03-07,GBR,United Kingdom of Great Britain and Northern Ireland,Localized,
2020-03-07,GEO,Georgia,National,
2020-03-07,GRC,Greece,Localized,
2020-03-07,IND,India,Localized,"While no national level announcement has been made, 27 of 28 states and 5 of 8 union territories have announced school closures with some variations in school levels."
2020-03-07,IRN,Iran (Islamic Republic of),National,
2020-03-07,IRQ,Iraq,National,Universities on term break. Closures not related to COVID-19.
2020-03-07,ITA,Italy,National,
2020-03-07,JPN,Japan,National,
2020-03-07,KEN,Kenya,National,
2020-03-07,KOR,Republic of Korea,National,"Following an initial postponement of 2 weeks, universities have started the academic year. Group and face-to-face classes are strongly discouraged, and universities are offering online classes."
2020-03-07,KWT,Kuwait,National,
2020-03-07,LBN,Lebanon,National,
2020-03-07,MNG,Mongolia,National,
2020-03-07,PAK,Pakistan,Localized,
2020-03-07,PRK,Democratic People's Republic of Korea,National,
2020-03-07,PRT,Portugal,Localized,
2020-03-07,PSE,Palestine,Localized,
2020-03-07,UKR,Ukraine,Localized,
2020-03-07,USA,United States of America,Localized,
2020-03-07,VNM,Viet Nam,Localized,
2020-03-08,AFG,Afghanistan,Localized,
2020-03-08,ARE,United Arab Emirates,National,
2020-03-08,ARM,Armenia,National,
2020-03-08,AZE,Azerbaijan,National,
2020-03-08,BHR,Bahrain,National,
2020-03-08,BTN,Bhutan,Localized,
2020-03-08,CHN,China,National,
2020-03-08,CHN,"China, Hong Kong Special Administrative Region",National,
2020-03-08,CHN,"China, Macao Special Administrative Region",National,
2020-03-08,DEU,Germany,Localized,
2020-03-08,FRA,France,Localized,
2020-03-08,GBR,United Kingdom of Great Britain and Northern Ireland,Localized,
2020-03-08,GEO,Georgia,National,
2020-03-08,GRC,Greece,Localized,
2020-03-08,IND,India,Localized,"While no national level announcement has been made, 27 of 28 states and 5 of 8 union territories have announced school closures with some variations in school levels."
2020-03-08,IRN,Iran (Islamic Republic of),National,
2020-03-08,IRQ,Iraq,National,Universities on term break. Closures not related to COVID-19.
2020-03-08,ITA,Italy,National,
2020-03-08,JPN,Japan,National,
2020-03-08,KEN,Kenya,National,
2020-03-08,KHM,Cambodia,Localized,
2020-03-08,KOR,Republic of Korea,National,"Following an initial postponement of 2 weeks, universities have started the academic year. Group and face-to-face classes are strongly discouraged, and universities are offering online classes."
2020-03-08,KWT,Kuwait,National,
2020-03-08,LBN,Lebanon,National,
2020-03-08,MNG,Mongolia,National,
2020-03-08,PAK,Pakistan,Localized,
2020-03-08,PRK,Democratic People's Republic of Korea,National,
2020-03-08,PRT,Portugal,Localized,
2020-03-08,PSE,Palestine,Localized,
2020-03-08,UKR,Ukraine,Localized,
2020-03-08,USA,United States of America,Localized,
2020-03-08,VNM,Viet Nam,Localized,
2020-03-09,AFG,Afghanistan,Localized,
2020-03-09,ARE,United Arab Emirates,National,
2020-03-09,ARM,Armenia,National,
2020-03-09,AZE,Azerbaijan,National,
2020-03-09,BHR,Bahrain,National,
2020-03-09,BTN,Bhutan,Localized,
2020-03-09,CHN,China,National,
2020-03-09,CHN,"China, Hong Kong Special Administrative Region",National,
2020-03-09,CHN,"China, Macao Special Administrative Region",National,
2020-03-09,DEU,Germany,Localized,
2020-03-09,FRA,France,Localized,
2020-03-09,GBR,United Kingdom of Great Britain and Northern Ireland,Localized,
2020-03-09,GEO,Georgia,National,
2020-03-09,GRC,Greece,Localized,
2020-03-09,IND,India,Localized,"While no national level announcement has been made, 27 of 28 states and 5 of 8 union territories have announced school closures with some variations in school levels."
2020-03-09,IRN,Iran (Islamic Republic of),National,
2020-03-09,IRQ,Iraq,National,Universities on term break. Closures not related to COVID-19.
2020-03-09,ITA,Italy,National,
2020-03-09,JPN,Japan,National,
2020-03-09,KEN,Kenya,National,
2020-03-09,KHM,Cambodia,Localized,
2020-03-09,KOR,Republic of Korea,National,"Following an initial postponement of 2 weeks, universities have started the academic year. Group and face-to-face classes are strongly discouraged, and universities are offering online classes."
2020-03-09,KWT,Kuwait,National,
2020-03-09,LBN,Lebanon,National,
2020-03-09,MNG,Mongolia,National,
2020-03-09,PAK,Pakistan,Localized,
2020-03-09,PRK,Democratic People's Republic of Korea,National,
2020-03-09,PRT,Portugal,Localized,
2020-03-09,PSE,Palestine,Localized,
2020-03-09,SAU,Saudi Arabia,National,
2020-03-09,UKR,Ukraine,Localized,
2020-03-09,USA,United States of America,Localized,
2020-03-09,VNM,Viet Nam,Localized,
2020-03-10,AFG,Afghanistan,Localized,
2020-03-10,ARE,United Arab Emirates,National,
2020-03-10,ARM,Armenia,National,
2020-03-10,AZE,Azerbaijan,National,
2020-03-10,BHR,Bahrain,National,
2020-03-10,BTN,Bhutan,Localized,
2020-03-10,CHN,China,National,
2020-03-10,CHN,"China, Hong Kong Special Administrative Region",National,
2020-03-10,CHN,"China, Macao Special Administrative Region",National,
2020-03-10,DEU,Germany,Localized,
2020-03-10,FRA,France,Localized,
2020-03-10,GBR,United Kingdom of Great Britain and Northern Ireland,Localized,
2020-03-10,GEO,Georgia,National,
2020-03-10,GRC,Greece,Localized,
2020-03-10,IND,India,Localized,"While no national level announcement has been made, 27 of 28 states and 5 of 8 union territories have announced school closures with some variations in school levels."
2020-03-10,IRN,Iran (Islamic Republic of),National,
2020-03-10,IRQ,Iraq,National,Universities on term break. Closures not related to COVID-19.
2020-03-10,ITA,Italy,National,
2020-03-10,JPN,Japan,National,
2020-03-10,KEN,Kenya,National,
2020-03-10,KHM,Cambodia,Localized,
2020-03-10,KOR,Republic of Korea,National,"Following an initial postponement of 2 weeks, universities have started the academic year. Group and face-to-face classes are strongly discouraged, and universities are offering online classes."
2020-03-10,KWT,Kuwait,National,
2020-03-10,LBN,Lebanon,National,
2020-03-10,MNG,Mongolia,National,
2020-03-10,PAK,Pakistan,Localized,
2020-03-10,PHL,Philippines,Localized,
2020-03-10,PRK,Democratic People's Republic of Korea,National,
2020-03-10,PRT,Portugal,Localized,
2020-03-10,PSE,Palestine,Localized,
2020-03-10,QAT,Qatar,National,
2020-03-10,SAU,Saudi Arabia,National,
2020-03-10,SVK,Slovakia,Localized,
2020-03-10,UKR,Ukraine,Localized,
2020-03-10,USA,United States of America,Localized,
2020-03-10,VNM,Viet Nam,Localized,
2020-03-11,AFG,Afghanistan,Localized,
2020-03-11,ALB,Albania,National,
2020-03-11,ARE,United Arab Emirates,National,
2020-03-11,ARM,Armenia,National,
2020-03-11,AZE,Azerbaijan,National,
2020-03-11,BHR,Bahrain,National,
2020-03-11,BIH,Bosnia and Herzegovina,Localized,
2020-03-11,BTN,Bhutan,Localized,
2020-03-11,CHN,China,National,
2020-03-11,CHN,"China, Hong Kong Special Administrative Region",National,
2020-03-11,CHN,"China, Macao Special Administrative Region",National,
2020-03-11,CZE,Czechia,National,
2020-03-11,DEU,Germany,Localized,
2020-03-11,ESP,Spain,Localized,
2020-03-11,FRA,France,Localized,
2020-03-11,GBR,United Kingdom of Great Britain and Northern Ireland,Localized,
2020-03-11,GEO,Georgia,National,
2020-03-11,GRC,Greece,National,
2020-03-11,HUN,Hungary,Localized,
2020-03-11,IND,India,Localized,"While no national level announcement has been made, 27 of 28 states and 5 of 8 union territories have announced school closures with some variations in school levels."
2020-03-11,IRN,Iran (Islamic Republic of),National,
2020-03-11,IRQ,Iraq,National,Universities on term break. Closures not related to COVID-19.
2020-03-11,ITA,Italy,National,
2020-03-11,JPN,Japan,National,
2020-03-11,KEN,Kenya,National,
2020-03-11,KHM,Cambodia,Localized,
2020-03-11,KOR,Republic of Korea,National,"Following an initial postponement of 2 weeks, universities have started the academic year. Group and face-to-face classes are strongly discouraged, and universities are offering online classes."
2020-03-11,KWT,Kuwait,National,
2020-03-11,LBN,Lebanon,National,
2020-03-11,MDA,Republic of Moldova,National,
2020-03-11,MKD,North Macedonia,National,
2020-03-11,MNG,Mongolia,National,
2020-03-11,PAK,Pakistan,Localized,
2020-03-11,PHL,Philippines,Localized,
2020-03-11,PRK,Democratic People's Republic of Korea,National,
2020-03-11,PRT,Portugal,Localized,
2020-03-11,PRY,Paraguay,National,
2020-03-11,PSE,Palestine,Localized,
2020-03-11,QAT,Qatar,National,
2020-03-11,ROU,Romania,National,"While all schools are closed, most universities are open."
2020-03-11,RUS,Russian Federation,Localized,
2020-03-11,SAU,Saudi Arabia,National,
2020-03-11,SLV,El Salvador,National,
2020-03-11,SVK,Slovakia,Localized,
2020-03-11,UKR,Ukraine,Localized,
2020-03-11,USA,United States of America,Localized,
2020-03-11,VNM,Viet Nam,Localized,
2020-03-12,AFG,Afghanistan,Localized,
2020-03-12,ALB,Albania,National,
2020-03-12,ARE,United Arab Emirates,National,
2020-03-12,ARM,Armenia,National,
2020-03-12,AZE,Azerbaijan,National,
2020-03-12,BHR,Bahrain,National,
2020-03-12,BIH,Bosnia and Herzegovina,National,
2020-03-12,BOL,Bolivia,National,Data on enrolment in tertiary education programmes is not available.
2020-03-12,BRA,Brazil,Localized,
2020-03-12,BTN,Bhutan,Localized,
2020-03-12,CHE,Switzerland,Localized,
2020-03-12,CHN,China,National,
2020-03-12,CHN,"China, Hong Kong Special Administrative Region",National,
2020-03-12,CHN,"China, Macao Special Administrative Region",National,
2020-03-12,CZE,Czechia,National,
2020-03-12,DEU,Germany,Localized,
2020-03-12,DZA,Algeria,National,
2020-03-12,ECU,Ecuador,Localized,
2020-03-12,ESP,Spain,Localized,
2020-03-12,FRA,France,Localized,
2020-03-12,GBR,United Kingdom of Great Britain and Northern Ireland,Localized,
2020-03-12,GEO,Georgia,National,
2020-03-12,GRC,Greece,National,
2020-03-12,HND,Honduras,National,
2020-03-12,HRV,Croatia,National,
2020-03-12,HUN,Hungary,Localized,
2020-03-12,IND,India,Localized,"While no national level announcement has been made, 27 of 28 states and 5 of 8 union territories have announced school closures with some variations in school levels."
2020-03-12,IRL,Ireland,National,
2020-03-12,IRN,Iran (Islamic Republic of),National,
2020-03-12,IRQ,Iraq,National,Universities on term break. Closures not related to COVID-19.
2020-03-12,ISR,Israel,National,
2020-03-12,ITA,Italy,National,
2020-03-12,JPN,Japan,National,
2020-03-12,KEN,Kenya,National,
2020-03-12,KHM,Cambodia,Localized,
2020-03-12,KOR,Republic of Korea,National,"Following an initial postponement of 2 weeks, universities have started the academic year. Group and face-to-face classes are strongly discouraged, and universities are offering online classes."
2020-03-12,KWT,Kuwait,National,
2020-03-12,LBN,Lebanon,National,
2020-03-12,MDA,Republic of Moldova,National,
2020-03-12,MDV,Maldives,National,
2020-03-12,MKD,North Macedonia,National,
2020-03-12,MNG,Mongolia,National,
2020-03-12,NOR,Norway,National,
2020-03-12,PAK,Pakistan,Localized,
2020-03-12,PAN,Panama,National,
2020-03-12,PHL,Philippines,Localized,
2020-03-12,PRK,Democratic People's Republic of Korea,National,
2020-03-12,PRT,Portugal,Localized,
2020-03-12,PRY,Paraguay,National,
2020-03-12,PSE,Palestine,Localized,
2020-03-12,QAT,Qatar,National,
2020-03-12,ROU,Romania,National,"While all schools are closed, most universities are open."
2020-03-12,RUS,Russian Federation,Localized,
2020-03-12,SAU,Saudi Arabia,National,
2020-03-12,SLV,El Salvador,National,
2020-03-12,SVK,Slovakia,Localized,
2020-03-12,UKR,Ukraine,National,
2020-03-12,USA,United States of America,Localized,
2020-03-12,VNM,Viet Nam,Localized,
2020-03-13,AFG,Afghanistan,Localized,
2020-03-13,ALB,Albania,National,
2020-03-13,ARE,United Arab Emirates,National,
2020-03-13,ARM,Armenia,National,
2020-03-13,AZE,Azerbaijan,National,
2020-03-13,BEL,Belgium,National,
2020-03-13,BHR,Bahrain,National,
2020-03-13,BIH,Bosnia and Herzegovina,National,
2020-03-13,BOL,Bolivia,National,Data on enrolment in tertiary education programmes is not available.
2020-03-13,BRA,Brazil,Localized,
2020-03-13,BTN,Bhutan,Localized,
2020-03-13,CHE,Switzerland,Localized,
2020-03-13,CHN,China,National,
2020-03-13,CHN,"China, Hong Kong Special Administrative Region",National,
2020-03-13,CHN,"China, Macao Special Administrative Region",National,
2020-03-13,CYP,Cyprus,National,
2020-03-13,CZE,Czechia,National,
2020-03-13,DEU,Germany,Localized,
2020-03-13,DNK,Denmark,Localized,
2020-03-13,DZA,Algeria,National,
2020-03-13,ECU,Ecuador,National,
2020-03-13,ESP,Spain,Localized,
2020-03-13,FRA,France,Localized,
2020-03-13,GBR,United Kingdom of Great Britain and Northern Ireland,Localized,
2020-03-13,GEO,Georgia,National,
2020-03-13,GRC,Greece,National,
2020-03-13,HND,Honduras,National,
2020-03-13,HRV,Croatia,National,
2020-03-13,HUN,Hungary,Localized,
2020-03-13,IND,India,Localized,"While no national level announcement has been made, 27 of 28 states and 5 of 8 union territories have announced school closures with some variations in school levels."
2020-03-13,IRL,Ireland,National,
2020-03-13,IRN,Iran (Islamic Republic of),National,
2020-03-13,IRQ,Iraq,National,Universities on term break. Closures not related to COVID-19.
2020-03-13,ISR,Israel,National,
2020-03-13,ITA,Italy,National,
2020-03-13,JAM,Jamaica,National,
2020-03-13,JPN,Japan,National,
2020-03-13,KEN,Kenya,National,
2020-03-13,KHM,Cambodia,Localized,
2020-03-13,KOR,Republic of Korea,National,"Following an initial postponement of 2 weeks, universities have started the academic year. Group and face-to-face classes are strongly discouraged, and universities are offering online classes."
2020-03-13,KWT,Kuwait,National,
2020-03-13,LBN,Lebanon,National,
2020-03-13,LKA,Sri Lanka,National,
2020-03-13,LVA,Latvia,National,
2020-03-13,MDA,Republic of Moldova,National,
2020-03-13,MDV,Maldives,National,
2020-03-13,MKD,North Macedonia,National,
2020-03-13,MNG,Mongolia,National,
2020-03-13,NOR,Norway,National,
2020-03-13,PAK,Pakistan,Localized,
2020-03-13,PAN,Panama,National,
2020-03-13,PHL,Philippines,Localized,
2020-03-13,POL,Poland,National,
2020-03-13,PRK,Democratic People's Republic of Korea,National,
2020-03-13,PRT,Portugal,Localized,
2020-03-13,PRY,Paraguay,National,
2020-03-13,PSE,Palestine,Localized,
2020-03-13,QAT,Qatar,National,
2020-03-13,ROU,Romania,National,"While all schools are closed, most universities are open."
2020-03-13,RUS,Russian Federation,Localized,
2020-03-13,SAU,Saudi Arabia,National,
2020-03-13,SLV,El Salvador,National,
2020-03-13,SVK,Slovakia,Localized,
2020-03-13,UKR,Ukraine,National,
2020-03-13,USA,United States of America,Localized,
2020-03-13,VNM,Viet Nam,Localized,
2020-03-14,AFG,Afghanistan,National,
2020-03-14,ALB,Albania,National,
2020-03-14,ARE,United Arab Emirates,National,
2020-03-14,ARM,Armenia,National,
2020-03-14,AZE,Azerbaijan,National,
2020-03-14,BEL,Belgium,National,
2020-03-14,BHR,Bahrain,National,
2020-03-14,BIH,Bosnia and Herzegovina,National,
2020-03-14,BOL,Bolivia,National,Data on enrolment in tertiary education programmes is not available.
2020-03-14,BRA,Brazil,Localized,
2020-03-14,BTN,Bhutan,Localized,
2020-03-14,CHE,Switzerland,Localized,
2020-03-14,CHN,China,National,
2020-03-14,CHN,"China, Hong Kong Special Administrative Region",National,
2020-03-14,CHN,"China, Macao Special Administrative Region",National,
2020-03-14,CYM,Cayman Islands,National,Data on enrolment in tertiary education programmes is not available.
2020-03-14,CYP,Cyprus,National,
2020-03-14,CZE,Czechia,National,
2020-03-14,DEU,Germany,Localized,
2020-03-14,DNK,Denmark,Localized,
2020-03-14,DZA,Algeria,National,
2020-03-14,ECU,Ecuador,National,
2020-03-14,ESP,Spain,Localized,
2020-03-14,FRA,France,Localized,
2020-03-14,GBR,United Kingdom of Great Britain and Northern Ireland,Localized,
2020-03-14,GEO,Georgia,National,
2020-03-14,GRC,Greece,National,
2020-03-14,HND,Honduras,National,
2020-03-14,HRV,Croatia,National,
2020-03-14,HUN,Hungary,Localized,
2020-03-14,IND,India,Localized,"While no national level announcement has been made, 27 of 28 states and 5 of 8 union territories have announced school closures with some variations in school levels."
2020-03-14,IRL,Ireland,National,
2020-03-14,IRN,Iran (Islamic Republic of),National,
2020-03-14,IRQ,Iraq,National,Universities on term break. Closures not related to COVID-19.
2020-03-14,ISR,Israel,National,
2020-03-14,ITA,Italy,National,
2020-03-14,JAM,Jamaica,National,
2020-03-14,JPN,Japan,National,
2020-03-14,KEN,Kenya,National,
2020-03-14,KHM,Cambodia,Localized,
2020-03-14,KOR,Republic of Korea,National,"Following an initial postponement of 2 weeks, universities have started the academic year. Group and face-to-face classes are strongly discouraged, and universities are offering online classes."
2020-03-14,KWT,Kuwait,National,
2020-03-14,LBN,Lebanon,National,
2020-03-14,LKA,Sri Lanka,National,
2020-03-14,LVA,Latvia,National,
2020-03-14,MDA,Republic of Moldova,National,
2020-03-14,MDV,Maldives,National,
2020-03-14,MKD,North Macedonia,National,
2020-03-14,MNG,Mongolia,National,
2020-03-14,NOR,Norway,National,
2020-03-14,PAK,Pakistan,National,
2020-03-14,PAN,Panama,National,
2020-03-14,PHL,Philippines,Localized,
2020-03-14,POL,Poland,National,
2020-03-14,PRK,Democratic People's Republic of Korea,National,
2020-03-14,PRT,Portugal,Localized,
2020-03-14,PRY,Paraguay,National,
2020-03-14,PSE,Palestine,Localized,
2020-03-14,QAT,Qatar,National,
2020-03-14,ROU,Romania,National,"While all schools are closed, most universities are open."
2020-03-14,RUS,Russian Federation,Localized,
2020-03-14,SAU,Saudi Arabia,National,
2020-03-14,SLV,El Salvador,National,
2020-03-14,SVK,Slovakia,Localized,
2020-03-14,TTO,Trinidad and Tobago,National,
2020-03-14,UKR,Ukraine,National,
2020-03-14,URY,Uruguay,Localized,
2020-03-14,USA,United States of America,Localized,
2020-03-14,VNM,Viet Nam,Localized,
2020-03-15,AFG,Afghanistan,National,
2020-03-15,ALB,Albania,National,
2020-03-15,ARE,United Arab Emirates,National,
2020-03-15,ARM,Armenia,National,
2020-03-15,AZE,Azerbaijan,National,
2020-03-15,BEL,Belgium,National,
2020-03-15,BHR,Bahrain,National,
2020-03-15,BIH,Bosnia and Herzegovina,National,
2020-03-15,BOL,Bolivia,National,Data on enrolment in tertiary education programmes is not available.
2020-03-15,BRA,Brazil,Localized,
2020-03-15,BTN,Bhutan,Localized,
2020-03-15,CHE,Switzerland,Localized,
2020-03-15,CHN,China,National,
2020-03-15,CHN,"China, Hong Kong Special Administrative Region",National,
2020-03-15,CHN,"China, Macao Special Administrative Region",National,
2020-03-15,CYM,Cayman Islands,National,Data on enrolment in tertiary education programmes is not available.
2020-03-15,CYP,Cyprus,National,
2020-03-15,CZE,Czechia,National,
2020-03-15,DEU,Germany,Localized,
2020-03-15,DNK,Denmark,Localized,
2020-03-15,DZA,Algeria,National,
2020-03-15,ECU,Ecuador,National,
2020-03-15,ESP,Spain,Localized,
2020-03-15,FRA,France,Localized,
2020-03-15,GBR,United Kingdom of Great Britain and Northern Ireland,Localized,
2020-03-15,GEO,Georgia,National,
2020-03-15,GRC,Greece,National,
2020-03-15,HND,Honduras,National,
2020-03-15,HRV,Croatia,National,
2020-03-15,HUN,Hungary,Localized,
2020-03-15,IND,India,Localized,"While no national level announcement has been made, 27 of 28 states and 5 of 8 union territories have announced school closures with some variations in school levels."
2020-03-15,IRL,Ireland,National,
2020-03-15,IRN,Iran (Islamic Republic of),National,
2020-03-15,IRQ,Iraq,National,Universities on term break. Closures not related to COVID-19.
2020-03-15,ISR,Israel,National,
2020-03-15,ITA,Italy,National,
2020-03-15,JAM,Jamaica,National,
2020-03-15,JOR,Jordan,National,
2020-03-15,JPN,Japan,National,
2020-03-15,KEN,Kenya,National,
2020-03-15,KHM,Cambodia,Localized,
2020-03-15,KOR,Republic of Korea,National,"Following an initial postponement of 2 weeks, universities have started the academic year. Group and face-to-face classes are strongly discouraged, and universities are offering online classes."
2020-03-15,KWT,Kuwait,National,
2020-03-15,LBN,Lebanon,National,
2020-03-15,LKA,Sri Lanka,National,
2020-03-15,LVA,Latvia,National,
2020-03-15,MDA,Republic of Moldova,National,
2020-03-15,MDV,Maldives,National,
2020-03-15,MKD,North Macedonia,National,
2020-03-15,MNG,Mongolia,National,
2020-03-15,NOR,Norway,National,
2020-03-15,PAK,Pakistan,National,
2020-03-15,PAN,Panama,National,
2020-03-15,PHL,Philippines,Localized,
2020-03-15,POL,Poland,National,
2020-03-15,PRK,Democratic People's Republic of Korea,National,
2020-03-15,PRT,Portugal,Localized,
2020-03-15,PRY,Paraguay,National,
2020-03-15,PSE,Palestine,Localized,
2020-03-15,QAT,Qatar,National,
2020-03-15,ROU,Romania,National,"While all schools are closed, most universities are open."
2020-03-15,RUS,Russian Federation,Localized,
2020-03-15,SAU,Saudi Arabia,National,
2020-03-15,SLV,El Salvador,National,
2020-03-15,SVK,Slovakia,Localized,
2020-03-15,TTO,Trinidad and Tobago,National,
2020-03-15,UKR,Ukraine,National,
2020-03-15,URY,Uruguay,Localized,
2020-03-15,USA,United States of America,Localized,
2020-03-15,VNM,Viet Nam,Localized,
2020-03-16,AFG,Afghanistan,National,
2020-03-16,ALB,Albania,National,
2020-03-16,ARE,United Arab Emirates,National,
2020-03-16,ARG,Argentina,National,
2020-03-16,ARM,Armenia,National,
2020-03-16,AUT,Austria,National,
2020-03-16,AZE,Azerbaijan,National,
2020-03-16,BEL,Belgium,National,
2020-03-16,BFA,Burkina Faso,National,
2020-03-16,BGR,Bulgaria,National,
2020-03-16,BHR,Bahrain,National,
2020-03-16,BHS,Bahamas,National,Data on enrolment in tertiary education programmes is not available.
2020-03-16,BIH,Bosnia and Herzegovina,National,
2020-03-16,BOL,Bolivia,National,Data on enrolment in tertiary education programmes is not available.
2020-03-16,BRA,Brazil,Localized,
2020-03-16,BTN,Bhutan,Localized,
2020-03-16,CAN,Canada,Localized,
2020-03-16,CHE,Switzerland,National,
2020-03-16,CHL,Chile,National,
2020-03-16,CHN,China,National,
2020-03-16,CHN,"China, Hong Kong Special Administrative Region",National,
2020-03-16,CHN,"China, Macao Special Administrative Region",National,
2020-03-16,COL,Colombia,National,
2020-03-16,CYM,Cayman Islands,National,Data on enrolment in tertiary education programmes is not available.
2020-03-16,CYP,Cyprus,National,
2020-03-16,CZE,Czechia,National,
2020-03-16,DEU,Germany,Localized,
2020-03-16,DNK,Denmark,National,
2020-03-16,DZA,Algeria,National,
2020-03-16,ECU,Ecuador,National,
2020-03-16,EGY,Egypt,National,
2020-03-16,ESP,Spain,National,
2020-03-16,EST,Estonia,National,
2020-03-16,ETH,Ethiopia,National,
2020-03-16,FRA,France,National,
2020-03-16,FRO,Faroe Islands,National,"Education will continue in the early grades in special circumstances, and for the higher grades, when considered necessary for the completion of studies."
2020-03-16,GAB,Gabon,National,
2020-03-16,GBR,United Kingdom of Great Britain and Northern Ireland,Localized,
2020-03-16,GEO,Georgia,National,
2020-03-16,GHA,Ghana,National,
2020-03-16,GNQ,Equatorial Guinea,National,Data on enrolment in tertiary education programmes is not available.
2020-03-16,GRC,Greece,National,
2020-03-16,GRD,Grenada,National,
2020-03-16,GTM,Guatemala,National,
2020-03-16,HND,Honduras,National,
2020-03-16,HRV,Croatia,National,
2020-03-16,HUN,Hungary,National,
2020-03-16,IDN,Indonesia,Localized,
2020-03-16,IND,India,Localized,"While no national level announcement has been made, 27 of 28 states and 5 of 8 union territories have announced school closures with some variations in school levels."
2020-03-16,IRL,Ireland,National,
2020-03-16,IRN,Iran (Islamic Republic of),National,
2020-03-16,IRQ,Iraq,National,Universities on term break. Closures not related to COVID-19.
2020-03-16,ISL,Iceland,National,"Primary education institutions can remain open, if classes of under 20 children are assured."
2020-03-16,ISR,Israel,National,
2020-03-16,ITA,Italy,National,
2020-03-16,JAM,Jamaica,National,
2020-03-16,JOR,Jordan,National,
2020-03-16,JPN,Japan,National,
2020-03-16,KAZ,Kazakhstan,National,
2020-03-16,KEN,Kenya,National,
2020-03-16,KGZ,Kyrgyzstan,National,
2020-03-16,KHM,Cambodia,National,
2020-03-16,KOR,Republic of Korea,National,"Following an initial postponement of 2 weeks, universities have started the academic year. Group and face-to-face classes are strongly discouraged, and universities are offering online classes."
2020-03-16,KWT,Kuwait,National,
2020-03-16,LBN,Lebanon,National,
2020-03-16,LBR,Liberia,National,
2020-03-16,LBY,Libya,National,
2020-03-16,LCA,Saint Lucia,National,
2020-03-16,LKA,Sri Lanka,National,
2020-03-16,LTU,Lithuania,National,
2020-03-16,LUX,Luxembourg,National,
2020-03-16,LVA,Latvia,National,
2020-03-16,MAR,Morocco,National,
2020-03-16,MDA,Republic of Moldova,National,
2020-03-16,MDV,Maldives,National,
2020-03-16,MKD,North Macedonia,National,
2020-03-16,MMR,Myanmar,Localized,
2020-03-16,MNE,Montenegro,National,
2020-03-16,MNG,Mongolia,National,
2020-03-16,MRT,Mauritania,National,
2020-03-16,NAM,Namibia,National,
2020-03-16,NLD,Netherlands,National,
2020-03-16,NOR,Norway,National,
2020-03-16,PAK,Pakistan,National,
2020-03-16,PAN,Panama,National,
2020-03-16,PER,Peru,National,
2020-03-16,PHL,Philippines,Localized,
2020-03-16,POL,Poland,National,
2020-03-16,PRK,Democratic People's Republic of Korea,National,
2020-03-16,PRT,Portugal,National,
2020-03-16,PRY,Paraguay,National,
2020-03-16,PSE,Palestine,National,
2020-03-16,QAT,Qatar,National,
2020-03-16,ROU,Romania,National,"While all schools are closed, most universities are open."
2020-03-16,RUS,Russian Federation,Localized,
2020-03-16,RWA,Rwanda,National,
2020-03-16,SAU,Saudi Arabia,National,
2020-03-16,SDN,Sudan,National,
2020-03-16,SEN,Senegal,National,
2020-03-16,SLV,El Salvador,National,
2020-03-16,SRB,Serbia,National,
2020-03-16,SVK,Slovakia,National,
2020-03-16,SVN,Slovenia,National,
2020-03-16,SYC,Seychelles,Localized,
2020-03-16,SYR,Syria Arab Republic,National,
2020-03-16,TTO,Trinidad and Tobago,National,
2020-03-16,TUN,Tunisia,National,
2020-03-16,TUR,Turkey,National,
2020-03-16,UKR,Ukraine,National,
2020-03-16,URY,Uruguay,National,
2020-03-16,USA,United States of America,Localized,
2020-03-16,UZB,Uzbekistan,National,
2020-03-16,UZB,Venezuela,National,Data on enrolment in tertiary education programmes is not available.
2020-03-16,VCT,Saint Vincent and the Grenadines,National,
2020-03-16,VNM,Viet Nam,Localized,
2020-03-17,AFG,Afghanistan,National,
2020-03-17,ALB,Albania,National,
2020-03-17,ARE,United Arab Emirates,National,
2020-03-17,ARG,Argentina,National,
2020-03-17,ARM,Armenia,National,
2020-03-17,AUT,Austria,National,
2020-03-17,AZE,Azerbaijan,National,
2020-03-17,BEL,Belgium,National,
2020-03-17,BFA,Burkina Faso,National,
2020-03-17,BGD,Bangladesh,National,
2020-03-17,BGR,Bulgaria,National,
2020-03-17,BHR,Bahrain,National,
2020-03-17,BHS,Bahamas,National,Data on enrolment in tertiary education programmes is not available.
2020-03-17,BIH,Bosnia and Herzegovina,National,
2020-03-17,BOL,Bolivia,National,Data on enrolment in tertiary education programmes is not available.
2020-03-17,BRA,Brazil,Localized,
2020-03-17,BTN,Bhutan,Localized,
2020-03-17,CAN,Canada,Localized,
2020-03-17,CHE,Switzerland,National,
2020-03-17,CHL,Chile,National,
2020-03-17,CHN,China,National,
2020-03-17,CHN,"China, Hong Kong Special Administrative Region",National,
2020-03-17,CHN,"China, Macao Special Administrative Region",National,
2020-03-17,CIV,Cote d'Ivoire,National,
2020-03-17,COL,Colombia,National,
2020-03-17,CRI,Costa Rica,National,
2020-03-17,CYM,Cayman Islands,National,Data on enrolment in tertiary education programmes is not available.
2020-03-17,CYP,Cyprus,National,
2020-03-17,CZE,Czechia,National,
2020-03-17,DEU,Germany,Localized,
2020-03-17,DNK,Denmark,National,
2020-03-17,DZA,Algeria,National,
2020-03-17,ECU,Ecuador,National,
2020-03-17,EGY,Egypt,National,
2020-03-17,ESP,Spain,National,
2020-03-17,EST,Estonia,National,
2020-03-17,ETH,Ethiopia,National,
2020-03-17,FRA,France,National,
2020-03-17,FRO,Faroe Islands,National,"Education will continue in the early grades in special circumstances, and for the higher grades, when considered necessary for the completion of studies."
2020-03-17,GAB,Gabon,National,
2020-03-17,GBR,United Kingdom of Great Britain and Northern Ireland,Localized,
2020-03-17,GEO,Georgia,National,
2020-03-17,GHA,Ghana,National,
2020-03-17,GNB,Guinea-Bissau,National,Data on enrolment in tertiary education programmes is not available.
2020-03-17,GNQ,Equatorial Guinea,National,Data on enrolment in tertiary education programmes is not available.
2020-03-17,GRC,Greece,National,
2020-03-17,GRD,Grenada,National,
2020-03-17,GTM,Guatemala,National,
2020-03-17,HND,Honduras,National,
2020-03-17,HRV,Croatia,National,
2020-03-17,HUN,Hungary,National,
2020-03-17,IDN,Indonesia,Localized,
2020-03-17,IND,India,Localized,"While no national level announcement has been made, 27 of 28 states and 5 of 8 union territories have announced school closures with some variations in school levels."
2020-03-17,IRL,Ireland,National,
2020-03-17,IRN,Iran (Islamic Republic of),National,
2020-03-17,IRQ,Iraq,National,Universities on term break. Closures not related to COVID-19.
2020-03-17,ISL,Iceland,National,"Primary education institutions can remain open, if classes of under 20 children are assured."
2020-03-17,ISR,Israel,National,
2020-03-17,ITA,Italy,National,
2020-03-17,JAM,Jamaica,National,
2020-03-17,JOR,Jordan,National,
2020-03-17,JPN,Japan,National,
2020-03-17,KAZ,Kazakhstan,National,
2020-03-17,KEN,Kenya,National,
2020-03-17,KGZ,Kyrgyzstan,National,
2020-03-17,KHM,Cambodia,National,
2020-03-17,KOR,Republic of Korea,National,"Following an initial postponement of 2 weeks, universities have started the academic year. Group and face-to-face classes are strongly discouraged, and universities are offering online classes."
2020-03-17,KWT,Kuwait,National,
2020-03-17,LBN,Lebanon,National,
2020-03-17,LBR,Liberia,National,
2020-03-17,LBY,Libya,National,
2020-03-17,LCA,Saint Lucia,National,
2020-03-17,LKA,Sri Lanka,National,
2020-03-17,LTU,Lithuania,National,
2020-03-17,LUX,Luxembourg,National,
2020-03-17,LVA,Latvia,National,
2020-03-17,MAR,Morocco,National,
2020-03-17,MDA,Republic of Moldova,National,
2020-03-17,MDV,Maldives,National,
2020-03-17,MKD,North Macedonia,National,
2020-03-17,MMR,Myanmar,Localized,
2020-03-17,MNE,Montenegro,National,
2020-03-17,MNG,Mongolia,National,
2020-03-17,MRT,Mauritania,National,
2020-03-17,NAM,Namibia,National,
2020-03-17,NLD,Netherlands,National,
2020-03-17,NOR,Norway,National,
2020-03-17,PAK,Pakistan,National,
2020-03-17,PAN,Panama,National,
2020-03-17,PER,Peru,National,
2020-03-17,PHL,Philippines,Localized,
2020-03-17,POL,Poland,National,
2020-03-17,PRK,Democratic People's Republic of Korea,National,
2020-03-17,PRT,Portugal,National,
2020-03-17,PRY,Paraguay,National,
2020-03-17,PSE,Palestine,National,
2020-03-17,QAT,Qatar,National,
2020-03-17,ROU,Romania,National,"While all schools are closed, most universities are open."
2020-03-17,RUS,Russian Federation,Localized,
2020-03-17,RWA,Rwanda,National,
2020-03-17,SAU,Saudi Arabia,National,
2020-03-17,SDN,Sudan,National,
2020-03-17,SEN,Senegal,National,
2020-03-17,SLV,El Salvador,National,
2020-03-17,SRB,Serbia,National,
2020-03-17,SVK,Slovakia,National,
2020-03-17,SVN,Slovenia,National,
2020-03-17,SYC,Seychelles,Localized,
2020-03-17,SYR,Syria Arab Republic,National,
2020-03-17,TTO,Trinidad and Tobago,National,
2020-03-17,TUN,Tunisia,National,
2020-03-17,TUR,Turkey,National,
2020-03-17,UKR,Ukraine,National,
2020-03-17,URY,Uruguay,National,
2020-03-17,USA,United States of America,Localized,
2020-03-17,UZB,Uzbekistan,National,
2020-03-17,VCT,Saint Vincent and the Grenadines,National,
2020-03-17,VEN,Venezuela,National,Data on enrolment in tertiary education programmes is not available.
2020-03-17,VNM,Viet Nam,Localized,
2020-03-18,AFG,Afghanistan,National,
2020-03-18,ALB,Albania,National,
2020-03-18,ARE,United Arab Emirates,National,
2020-03-18,ARG,Argentina,National,
2020-03-18,ARM,Armenia,National,
2020-03-18,AUT,Austria,National,
2020-03-18,AZE,Azerbaijan,National,
2020-03-18,BEL,Belgium,National,
2020-03-18,BFA,Burkina Faso,National,
2020-03-18,BGD,Bangladesh,National,
2020-03-18,BGR,Bulgaria,National,
2020-03-18,BHR,Bahrain,National,
2020-03-18,BHS,Bahamas,National,Data on enrolment in tertiary education programmes is not available.
2020-03-18,BIH,Bosnia and Herzegovina,National,
2020-03-18,BOL,Bolivia,National,Data on enrolment in tertiary education programmes is not available.
2020-03-18,BRA,Brazil,Localized,
2020-03-18,BTN,Bhutan,Localized,
2020-03-18,CAN,Canada,Localized,
2020-03-18,CHE,Switzerland,National,
2020-03-18,CHL,Chile,National,
2020-03-18,CHN,China,National,
2020-03-18,CHN,"China, Hong Kong Special Administrative Region",National,
2020-03-18,CHN,"China, Macao Special Administrative Region",National,
2020-03-18,CIV,Cote d'Ivoire,National,
2020-03-18,CMR,Cameroon,National,
2020-03-18,COL,Colombia,National,
2020-03-18,CRI,Costa Rica,National,
2020-03-18,CYM,Cayman Islands,National,Data on enrolment in tertiary education programmes is not available.
2020-03-18,CYP,Cyprus,National,
2020-03-18,CZE,Czechia,National,
2020-03-18,DEU,Germany,National,
2020-03-18,DNK,Denmark,National,
2020-03-18,DZA,Algeria,National,
2020-03-18,ECU,Ecuador,National,
2020-03-18,EGY,Egypt,National,
2020-03-18,ESP,Spain,National,
2020-03-18,EST,Estonia,National,
2020-03-18,ETH,Ethiopia,National,
2020-03-18,FIN,Finland,National,"Education in the early grades continue in some cases, as well as in general for children with special needs and if considered necessary for the completion of studies."
2020-03-18,FRA,France,National,
2020-03-18,FRO,Faroe Islands,National,"Education will continue in the early grades in special circumstances, and for the higher grades, when considered necessary for the completion of studies."
2020-03-18,GAB,Gabon,National,
2020-03-18,GBR,United Kingdom of Great Britain and Northern Ireland,Localized,
2020-03-18,GEO,Georgia,National,
2020-03-18,GHA,Ghana,National,
2020-03-18,GMB,Gambia,National,
2020-03-18,GNB,Guinea-Bissau,National,Data on enrolment in tertiary education programmes is not available.
2020-03-18,GNQ,Equatorial Guinea,National,Data on enrolment in tertiary education programmes is not available.
2020-03-18,GRC,Greece,National,
2020-03-18,GRD,Grenada,National,
2020-03-18,GTM,Guatemala,National,
2020-03-18,HND,Honduras,National,
2020-03-18,HRV,Croatia,National,
2020-03-18,HUN,Hungary,National,
2020-03-18,IDN,Indonesia,Localized,
2020-03-18,IND,India,Localized,"While no national level announcement has been made, 27 of 28 states and 5 of 8 union territories have announced school closures with some variations in school levels."
2020-03-18,IRL,Ireland,National,
2020-03-18,IRN,Iran (Islamic Republic of),National,
2020-03-18,IRQ,Iraq,National,Universities on term break. Closures not related to COVID-19.
2020-03-18,ISL,Iceland,National,"Primary education institutions can remain open, if classes of under 20 children are assured."
2020-03-18,ISR,Israel,National,
2020-03-18,ITA,Italy,National,
2020-03-18,JAM,Jamaica,National,
2020-03-18,JOR,Jordan,National,
2020-03-18,JPN,Japan,National,
2020-03-18,KAZ,Kazakhstan,National,
2020-03-18,KEN,Kenya,National,
2020-03-18,KGZ,Kyrgyzstan,National,
2020-03-18,KHM,Cambodia,National,
2020-03-18,KOR,Republic of Korea,National,"Following an initial postponement of 2 weeks, universities have started the academic year. Group and face-to-face classes are strongly discouraged, and universities are offering online classes."
2020-03-18,KWT,Kuwait,National,
2020-03-18,LBN,Lebanon,National,
2020-03-18,LBR,Liberia,National,
2020-03-18,LBY,Libya,National,
2020-03-18,LCA,Saint Lucia,National,
2020-03-18,LKA,Sri Lanka,National,
2020-03-18,LTU,Lithuania,National,
2020-03-18,LUX,Luxembourg,National,
2020-03-18,LVA,Latvia,National,
2020-03-18,MAR,Morocco,National,
2020-03-18,MDA,Republic of Moldova,National,
2020-03-18,MDV,Maldives,National,
2020-03-18,MKD,North Macedonia,National,
2020-03-18,MMR,Myanmar,Localized,
2020-03-18,MNE,Montenegro,National,
2020-03-18,MNG,Mongolia,National,
2020-03-18,MRT,Mauritania,National,
2020-03-18,MYS,Malaysia,National,
2020-03-18,NAM,Namibia,National,
2020-03-18,NLD,Netherlands,National,
2020-03-18,NOR,Norway,National,
2020-03-18,NPL,Nepal,National,
2020-03-18,PAK,Pakistan,National,
2020-03-18,PAN,Panama,National,
2020-03-18,PER,Peru,National,
2020-03-18,PHL,Philippines,Localized,
2020-03-18,POL,Poland,National,
2020-03-18,PRK,Democratic People's Republic of Korea,National,
2020-03-18,PRT,Portugal,National,
2020-03-18,PRY,Paraguay,National,
2020-03-18,PSE,Palestine,National,
2020-03-18,QAT,Qatar,National,
2020-03-18,ROU,Romania,National,"While all schools are closed, most universities are open."
2020-03-18,RUS,Russian Federation,Localized,
2020-03-18,RWA,Rwanda,National,
2020-03-18,SAU,Saudi Arabia,National,
2020-03-18,SDN,Sudan,National,
2020-03-18,SEN,Senegal,National,
2020-03-18,SLV,El Salvador,National,
2020-03-18,SOM,Somalia,National,Data on enrolment in tertiary education programmes is not available.
2020-03-18,SRB,Serbia,National,
2020-03-18,SVK,Slovakia,National,
2020-03-18,SVN,Slovenia,National,
2020-03-18,SWE,Sweden,National,National closure of all upper secondary educational institutions and universities.
2020-03-18,SYC,Seychelles,Localized,
2020-03-18,SYR,Syria Arab Republic,National,
2020-03-18,THA,Thailand,National,
2020-03-18,TTO,Trinidad and Tobago,National,
2020-03-18,TUN,Tunisia,National,
2020-03-18,TUR,Turkey,National,
2020-03-18,UKR,Ukraine,National,
2020-03-18,URY,Uruguay,National,
2020-03-18,USA,United States of America,Localized,
2020-03-18,UZB,Uzbekistan,National,
2020-03-18,VCT,Saint Vincent and the Grenadines,National,
2020-03-18,VEN,Venezuela,National,Data on enrolment in tertiary education programmes is not available.
2020-03-18,VNM,Viet Nam,Localized,
2020-03-18,ZAF,South Africa,National,
2020-03-19,AFG,Afghanistan,National,
2020-03-19,ALB,Albania,National,
2020-03-19,ARE,United Arab Emirates,National,
2020-03-19,ARG,Argentina,National,
2020-03-19,ARM,Armenia,National,
2020-03-19,AUT,Austria,National,
2020-03-19,AZE,Azerbaijan,National,
2020-03-19,BEL,Belgium,National,
2020-03-19,BFA,Burkina Faso,National,
2020-03-19,BGD,Bangladesh,National,
2020-03-19,BGR,Bulgaria,National,
2020-03-19,BHR,Bahrain,National,
2020-03-19,BHS,Bahamas,National,Data on enrolment in tertiary education programmes is not available.
2020-03-19,BIH,Bosnia and Herzegovina,National,
2020-03-19,BOL,Bolivia,National,Data on enrolment in tertiary education programmes is not available.
2020-03-19,BRA,Brazil,Localized,
2020-03-19,BTN,Bhutan,Localized,
2020-03-19,CAN,Canada,Localized,
2020-03-19,CHE,Switzerland,National,
2020-03-19,CHL,Chile,National,
2020-03-19,CHN,China,National,
2020-03-19,CHN,"China, Hong Kong Special Administrative Region",National,
2020-03-19,CHN,"China, Macao Special Administrative Region",National,
2020-03-19,CIV,Cote d'Ivoire,National,
2020-03-19,CMR,Cameroon,National,
2020-03-19,COD,Democratic Republic of the Congo,National,
2020-03-19,COL,Colombia,National,
2020-03-19,CRI,Costa Rica,National,
2020-03-19,CYM,Cayman Islands,National,Data on enrolment in tertiary education programmes is not available.
2020-03-19,CYP,Cyprus,National,
2020-03-19,CZE,Czechia,National,
2020-03-19,DEU,Germany,National,
2020-03-19,DNK,Denmark,National,
2020-03-19,DZA,Algeria,National,
2020-03-19,ECU,Ecuador,National,
2020-03-19,EGY,Egypt,National,
2020-03-19,ESP,Spain,National,
2020-03-19,EST,Estonia,National,
2020-03-19,ETH,Ethiopia,National,
2020-03-19,FIN,Finland,National,
2020-03-19,FJI,Fiji,Localized,
2020-03-19,FRA,France,National,
2020-03-19,FRO,Faroe Islands,National,"Education will continue in the early grades in special circumstances, and for the higher grades, when considered necessary for the completion of studies."
2020-03-19,GAB,Gabon,National,
2020-03-19,GBR,United Kingdom of Great Britain and Northern Ireland,Localized,
2020-03-19,GEO,Georgia,National,
2020-03-19,GHA,Ghana,National,
2020-03-19,GMB,Gambia,National,
2020-03-19,GNB,Guinea-Bissau,National,Data on enrolment in tertiary education programmes is not available.
2020-03-19,GNQ,Equatorial Guinea,National,Data on enrolment in tertiary education programmes is not available.
2020-03-19,GRC,Greece,National,
2020-03-19,GRD,Grenada,National,
2020-03-19,GRL,Greenland,Localized,
2020-03-19,GTM,Guatemala,National,
2020-03-19,HND,Honduras,National,
2020-03-19,HRV,Croatia,National,
2020-03-19,HUN,Hungary,National,
2020-03-19,IDN,Indonesia,Localized,
2020-03-19,IND,India,Localized,"While no national level announcement has been made, 27 of 28 states and 5 of 8 union territories have announced school closures with some variations in school levels."
2020-03-19,IRL,Ireland,National,
2020-03-19,IRN,Iran (Islamic Republic of),National,
2020-03-19,IRQ,Iraq,National,Universities on term break. Closures not related to COVID-19.
2020-03-19,ISL,Iceland,National,"Primary education institutions can remain open, if classes of under 20 children are assured."
2020-03-19,ISR,Israel,National,
2020-03-19,ITA,Italy,National,
2020-03-19,JAM,Jamaica,National,
2020-03-19,JOR,Jordan,National,
2020-03-19,JPN,Japan,National,
2020-03-19,KAZ,Kazakhstan,National,
2020-03-19,KEN,Kenya,National,
2020-03-19,KGZ,Kyrgyzstan,National,
2020-03-19,KHM,Cambodia,National,
2020-03-19,KOR,Republic of Korea,National,"Following an initial postponement of 2 weeks, universities have started the academic year. Group and face-to-face classes are strongly discouraged, and universities are offering online classes."
2020-03-19,KWT,Kuwait,National,
2020-03-19,LAO,Lao PDR,National,
2020-03-19,LBN,Lebanon,National,
2020-03-19,LBR,Liberia,National,
2020-03-19,LBY,Libya,National,
2020-03-19,LCA,Saint Lucia,National,
2020-03-19,LKA,Sri Lanka,National,
2020-03-19,LSO,Lesotho,National,
2020-03-19,LTU,Lithuania,National,
2020-03-19,LUX,Luxembourg,National,
2020-03-19,LVA,Latvia,National,
2020-03-19,MAR,Morocco,National,
2020-03-19,MDA,Republic of Moldova,National,
2020-03-19,MDV,Maldives,National,
2020-03-19,MKD,North Macedonia,National,
2020-03-19,MLI,Mali,National,
2020-03-19,MMR,Myanmar,Localized,
2020-03-19,MNE,Montenegro,National,
2020-03-19,MNG,Mongolia,National,
2020-03-19,MRT,Mauritania,National,
2020-03-19,MUS,Mauritius,National,
2020-03-19,MYS,Malaysia,National,
2020-03-19,NAM,Namibia,National,
2020-03-19,NLD,Netherlands,National,
2020-03-19,NOR,Norway,National,
2020-03-19,NPL,Nepal,National,
2020-03-19,PAK,Pakistan,National,
2020-03-19,PAN,Panama,National,
2020-03-19,PER,Peru,National,
2020-03-19,PHL,Philippines,Localized,
2020-03-19,POL,Poland,National,
2020-03-19,PRK,Democratic People's Republic of Korea,National,
2020-03-19,PRT,Portugal,National,
2020-03-19,PRY,Paraguay,National,
2020-03-19,PSE,Palestine,National,
2020-03-19,QAT,Qatar,National,
2020-03-19,ROU,Romania,National,"While all schools are closed, most universities are open."
2020-03-19,RUS,Russian Federation,Localized,
2020-03-19,RWA,Rwanda,National,
2020-03-19,SAU,Saudi Arabia,National,
2020-03-19,SDN,Sudan,National,
2020-03-19,SEN,Senegal,National,
2020-03-19,SLV,El Salvador,National,
2020-03-19,SOM,Somalia,National,Data on enrolment in tertiary education programmes is not available.
2020-03-19,SRB,Serbia,National,
2020-03-19,SVK,Slovakia,National,
2020-03-19,SVN,Slovenia,National,
2020-03-19,SWE,Sweden,National,National closure of all upper secondary educational institutions and universities.
2020-03-19,SYC,Seychelles,Localized,
2020-03-19,SYR,Syria Arab Republic,National,
2020-03-19,THA,Thailand,National,
2020-03-19,TTO,Trinidad and Tobago,National,
2020-03-19,TUN,Tunisia,National,
2020-03-19,TUR,Turkey,National,
2020-03-19,TZA,United Republic of Tanzania,National,Data on enrolment in tertiary education programmes is not available.
2020-03-19,UKR,Ukraine,National,
2020-03-19,URY,Uruguay,National,
2020-03-19,USA,United States of America,Localized,
2020-03-19,UZB,Uzbekistan,National,
2020-03-19,VCT,Saint Vincent and the Grenadines,National,
2020-03-19,VEN,Venezuela,National,Data on enrolment in tertiary education programmes is not available.
2020-03-19,VGB,Virgin Islands,National,
2020-03-19,VNM,Viet Nam,Localized,
2020-03-19,ZAF,South Africa,National,
2020-03-20,AFG,Afghanistan,National,
2020-03-20,ALB,Albania,National,
2020-03-20,ARE,United Arab Emirates,National,
2020-03-20,ARG,Argentina,National,
2020-03-20,ARM,Armenia,National,
2020-03-20,AUT,Austria,National,
2020-03-20,AZE,Azerbaijan,National,
2020-03-20,BEL,Belgium,National,
2020-03-20,BFA,Burkina Faso,National,
2020-03-20,BGD,Bangladesh,National,
2020-03-20,BGR,Bulgaria,National,
2020-03-20,BHR,Bahrain,National,
2020-03-20,BHS,Bahamas,National,Data on enrolment in tertiary education programmes is not available.
2020-03-20,BIH,Bosnia and Herzegovina,National,
2020-03-20,BOL,Bolivia,National,Data on enrolment in tertiary education programmes is not available.
2020-03-20,BRA,Brazil,Localized,
2020-03-20,BTN,Bhutan,Localized,
2020-03-20,BWA,Botswana,National,
2020-03-20,CAN,Canada,Localized,
2020-03-20,CHE,Switzerland,National,
2020-03-20,CHL,Chile,National,
2020-03-20,CHN,China,National,
2020-03-20,CHN,"China, Hong Kong Special Administrative Region",National,
2020-03-20,CHN,"China, Macao Special Administrative Region",National,
2020-03-20,CIV,Cote d'Ivoire,National,
2020-03-20,CMR,Cameroon,National,
2020-03-20,COD,Democratic Republic of the Congo,National,
2020-03-20,COL,Colombia,National,
2020-03-20,CRI,Costa Rica,National,
2020-03-20,CYM,Cayman Islands,National,Data on enrolment in tertiary education programmes is not available.
2020-03-20,CYP,Cyprus,National,
2020-03-20,CZE,Czechia,National,
2020-03-20,DEU,Germany,National,
2020-03-20,DNK,Denmark,National,
2020-03-20,DZA,Algeria,National,
2020-03-20,ECU,Ecuador,National,
2020-03-20,EGY,Egypt,National,
2020-03-20,ESP,Spain,National,
2020-03-20,EST,Estonia,National,
2020-03-20,ETH,Ethiopia,National,
2020-03-20,FIN,Finland,National,
2020-03-20,FJI,Fiji,Localized,
2020-03-20,FRA,France,National,
2020-03-20,FRO,Faroe Islands,National,"Education will continue in the early grades in special circumstances, and for the higher grades, when considered necessary for the completion of studies."
2020-03-20,GAB,Gabon,National,
2020-03-20,GBR,United Kingdom of Great Britain and Northern Ireland,National,
2020-03-20,GEO,Georgia,National,
2020-03-20,GHA,Ghana,National,
2020-03-20,GMB,Gambia,National,
2020-03-20,GNB,Guinea-Bissau,National,Data on enrolment in tertiary education programmes is not available.
2020-03-20,GNQ,Equatorial Guinea,National,Data on enrolment in tertiary education programmes is not available.
2020-03-20,GRC,Greece,National,
2020-03-20,GRD,Grenada,National,
2020-03-20,GRL,Greenland,Localized,
2020-03-20,GTM,Guatemala,National,
2020-03-20,HND,Honduras,National,
2020-03-20,HRV,Croatia,National,
2020-03-20,HUN,Hungary,National,
2020-03-20,IDN,Indonesia,Localized,
2020-03-20,IND,India,National,"While no national level announcement has been made, 27 of 28 states and 5 of 8 union territories have announced school closures with some variations in school levels."
2020-03-20,IRL,Ireland,National,
2020-03-20,IRN,Iran (Islamic Republic of),National,
2020-03-20,IRQ,Iraq,National,Universities on term break. Closures not related to COVID-19.
2020-03-20,ISL,Iceland,National,"Primary education institutions can remain open, if classes of under 20 children are assured."
2020-03-20,ISR,Israel,National,
2020-03-20,ITA,Italy,National,
2020-03-20,JAM,Jamaica,National,
2020-03-20,JOR,Jordan,National,
2020-03-20,JPN,Japan,National,
2020-03-20,KAZ,Kazakhstan,National,
2020-03-20,KEN,Kenya,National,
2020-03-20,KGZ,Kyrgyzstan,National,
2020-03-20,KHM,Cambodia,National,
2020-03-20,KOR,Republic of Korea,National,"Following an initial postponement of 2 weeks, universities have started the academic year. Group and face-to-face classes are strongly discouraged, and universities are offering online classes."
2020-03-20,KWT,Kuwait,National,
2020-03-20,LAO,Lao PDR,National,
2020-03-20,LBN,Lebanon,National,
2020-03-20,LBR,Liberia,National,
2020-03-20,LBY,Libya,National,
2020-03-20,LCA,Saint Lucia,National,
2020-03-20,LKA,Sri Lanka,National,
2020-03-20,LSO,Lesotho,National,
2020-03-20,LTU,Lithuania,National,
2020-03-20,LUX,Luxembourg,National,
2020-03-20,LVA,Latvia,National,
2020-03-20,MAR,Morocco,National,
2020-03-20,MDA,Republic of Moldova,National,
2020-03-20,MDV,Maldives,National,
2020-03-20,MKD,North Macedonia,National,
2020-03-20,MLI,Mali,National,
2020-03-20,MMR,Myanmar,National,
2020-03-20,MNE,Montenegro,National,
2020-03-20,MNG,Mongolia,National,
2020-03-20,MRT,Mauritania,National,
2020-03-20,MUS,Mauritius,National,
2020-03-20,MYS,Malaysia,National,
2020-03-20,NAM,Namibia,National,
2020-03-20,NLD,Netherlands,National,
2020-03-20,NOR,Norway,National,
2020-03-20,NPL,Nepal,National,
2020-03-20,PAK,Pakistan,National,
2020-03-20,PAN,Panama,National,
2020-03-20,PER,Peru,National,
2020-03-20,PHL,Philippines,Localized,
2020-03-20,POL,Poland,National,
2020-03-20,PRK,Democratic People's Republic of Korea,National,
2020-03-20,PRT,Portugal,National,
2020-03-20,PRY,Paraguay,National,
2020-03-20,PSE,Palestine,National,
2020-03-20,QAT,Qatar,National,
2020-03-20,ROU,Romania,National,"While all schools are closed, most universities are open."
2020-03-20,RUS,Russian Federation,Localized,
2020-03-20,RWA,Rwanda,National,
2020-03-20,SAU,Saudi Arabia,National,
2020-03-20,SDN,Sudan,National,
2020-03-20,SEN,Senegal,National,
2020-03-20,SLV,El Salvador,National,
2020-03-20,SOM,Somalia,National,Data on enrolment in tertiary education programmes is not available.
2020-03-20,SRB,Serbia,National,
2020-03-20,SSD,South Sudan,National,Data on enrolment in tertiary education programmes is not available.
2020-03-20,STP,So Tom and Prncipe,National,
2020-03-20,SVK,Slovakia,National,
2020-03-20,SVN,Slovenia,National,
2020-03-20,SWE,Sweden,National,National closure of all upper secondary educational institutions and universities.
2020-03-20,SYC,Seychelles,Localized,
2020-03-20,SYR,Syria Arab Republic,National,
2020-03-20,TCD,Chad,National,
2020-03-20,TGO,Togo,National,
2020-03-20,THA,Thailand,National,
2020-03-20,TTO,Trinidad and Tobago,National,
2020-03-20,TUN,Tunisia,National,
2020-03-20,TUR,Turkey,National,
2020-03-20,TZA,United Republic of Tanzania,National,Data on enrolment in tertiary education programmes is not available.
2020-03-20,UGA,Uganda,National,
2020-03-20,UKR,Ukraine,National,
2020-03-20,URY,Uruguay,National,
2020-03-20,USA,United States of America,Localized,
2020-03-20,UZB,Uzbekistan,National,
2020-03-20,VCT,Saint Vincent and the Grenadines,National,
2020-03-20,VEN,Venezuela,National,Data on enrolment in tertiary education programmes is not available.
2020-03-20,VGB,Virgin Islands,National,
2020-03-20,VNM,Viet Nam,Localized,
2020-03-20,ZAF,South Africa,National,
2020-03-20,ZMB,Zambia,National,
2020-03-21,AFG,Afghanistan,National,
2020-03-21,ALB,Albania,National,
2020-03-21,ARE,United Arab Emirates,National,
2020-03-21,ARG,Argentina,National,
2020-03-21,ARM,Armenia,National,
2020-03-21,AUT,Austria,National,
2020-03-21,AZE,Azerbaijan,National,
2020-03-21,BEL,Belgium,National,
2020-03-21,BFA,Burkina Faso,National,
2020-03-21,BGD,Bangladesh,National,
2020-03-21,BGR,Bulgaria,National,
2020-03-21,BHR,Bahrain,National,
2020-03-21,BHS,Bahamas,National,Data on enrolment in tertiary education programmes is not available.
2020-03-21,BIH,Bosnia and Herzegovina,National,
2020-03-21,BOL,Bolivia,National,Data on enrolment in tertiary education programmes is not available.
2020-03-21,BRA,Brazil,Localized,
2020-03-21,BTN,Bhutan,Localized,
2020-03-21,BWA,Botswana,National,
2020-03-21,CAN,Canada,Localized,
2020-03-21,CHE,Switzerland,National,
2020-03-21,CHL,Chile,National,
2020-03-21,CHN,China,National,
2020-03-21,CHN,"China, Hong Kong Special Administrative Region",National,
2020-03-21,CHN,"China, Macao Special Administrative Region",National,
2020-03-21,CIV,Cote d'Ivoire,National,
2020-03-21,CMR,Cameroon,National,
2020-03-21,COD,Democratic Republic of the Congo,National,
2020-03-21,COL,Colombia,National,
2020-03-21,CRI,Costa Rica,National,
2020-03-21,CYM,Cayman Islands,National,Data on enrolment in tertiary education programmes is not available.
2020-03-21,CYP,Cyprus,National,
2020-03-21,CZE,Czechia,National,
2020-03-21,DEU,Germany,National,
2020-03-21,DNK,Denmark,National,
2020-03-21,DZA,Algeria,National,
2020-03-21,ECU,Ecuador,National,
2020-03-21,EGY,Egypt,National,
2020-03-21,ESP,Spain,National,
2020-03-21,EST,Estonia,National,
2020-03-21,ETH,Ethiopia,National,
2020-03-21,FIN,Finland,National,
2020-03-21,FJI,Fiji,Localized,
2020-03-21,FRA,France,National,
2020-03-21,FRO,Faroe Islands,National,"Education will continue in the early grades in special circumstances, and for the higher grades, when considered necessary for the completion of studies."
2020-03-21,GAB,Gabon,National,
2020-03-21,GBR,United Kingdom of Great Britain and Northern Ireland,National,
2020-03-21,GEO,Georgia,National,
2020-03-21,GHA,Ghana,National,
2020-03-21,GMB,Gambia,National,
2020-03-21,GNB,Guinea-Bissau,National,Data on enrolment in tertiary education programmes is not available.
2020-03-21,GNQ,Equatorial Guinea,National,Data on enrolment in tertiary education programmes is not available.
2020-03-21,GRC,Greece,National,
2020-03-21,GRD,Grenada,National,
2020-03-21,GRL,Greenland,Localized,
2020-03-21,GTM,Guatemala,National,
2020-03-21,HND,Honduras,National,
2020-03-21,HRV,Croatia,National,
2020-03-21,HUN,Hungary,National,
2020-03-21,IDN,Indonesia,Localized,
2020-03-21,IND,India,National,"While no national level announcement has been made, 27 of 28 states and 5 of 8 union territories have announced school closures with some variations in school levels."
2020-03-21,IRL,Ireland,National,
2020-03-21,IRN,Iran (Islamic Republic of),National,
2020-03-21,IRQ,Iraq,National,Universities on term break. Closures not related to COVID-19.
2020-03-21,ISL,Iceland,National,"Primary education institutions can remain open, if classes of under 20 children are assured."
2020-03-21,ISR,Israel,National,
2020-03-21,ITA,Italy,National,
2020-03-21,JAM,Jamaica,National,
2020-03-21,JOR,Jordan,National,
2020-03-21,JPN,Japan,National,
2020-03-21,KAZ,Kazakhstan,National,
2020-03-21,KEN,Kenya,National,
2020-03-21,KGZ,Kyrgyzstan,National,
2020-03-21,KHM,Cambodia,National,
2020-03-21,KOR,Republic of Korea,National,"Following an initial postponement of 2 weeks, universities have started the academic year. Group and face-to-face classes are strongly discouraged, and universities are offering online classes."
2020-03-21,KWT,Kuwait,National,
2020-03-21,LAO,Lao PDR,National,
2020-03-21,LBN,Lebanon,National,
2020-03-21,LBR,Liberia,National,
2020-03-21,LBY,Libya,National,
2020-03-21,LCA,Saint Lucia,National,
2020-03-21,LKA,Sri Lanka,National,
2020-03-21,LSO,Lesotho,National,
2020-03-21,LTU,Lithuania,National,
2020-03-21,LUX,Luxembourg,National,
2020-03-21,LVA,Latvia,National,
2020-03-21,MAR,Morocco,National,
2020-03-21,MDA,Republic of Moldova,National,
2020-03-21,MDG,Madagascar,National,
2020-03-21,MDV,Maldives,National,
2020-03-21,MKD,North Macedonia,National,
2020-03-21,MLI,Mali,National,
2020-03-21,MMR,Myanmar,National,
2020-03-21,MNE,Montenegro,National,
2020-03-21,MNG,Mongolia,National,
2020-03-21,MRT,Mauritania,National,
2020-03-21,MUS,Mauritius,National,
2020-03-21,MYS,Malaysia,National,
2020-03-21,NAM,Namibia,National,
2020-03-21,NER,Niger,National,
2020-03-21,NLD,Netherlands,National,
2020-03-21,NOR,Norway,National,
2020-03-21,NPL,Nepal,National,
2020-03-21,PAK,Pakistan,National,
2020-03-21,PAN,Panama,National,
2020-03-21,PER,Peru,National,
2020-03-21,PHL,Philippines,Localized,
2020-03-21,POL,Poland,National,
2020-03-21,PRK,Democratic People's Republic of Korea,National,
2020-03-21,PRT,Portugal,National,
2020-03-21,PRY,Paraguay,National,
2020-03-21,PSE,Palestine,National,
2020-03-21,QAT,Qatar,National,
2020-03-21,ROU,Romania,National,"While all schools are closed, most universities are open."
2020-03-21,RUS,Russian Federation,Localized,
2020-03-21,RWA,Rwanda,National,
2020-03-21,SAU,Saudi Arabia,National,
2020-03-21,SDN,Sudan,National,
2020-03-21,SEN,Senegal,National,
2020-03-21,SLV,El Salvador,National,
2020-03-21,SOM,Somalia,National,Data on enrolment in tertiary education programmes is not available.
2020-03-21,SRB,Serbia,National,
2020-03-21,SSD,South Sudan,National,Data on enrolment in tertiary education programmes is not available.
2020-03-21,STP,So Tom and Prncipe,National,
2020-03-21,SVK,Slovakia,National,
2020-03-21,SVN,Slovenia,National,
2020-03-21,SWE,Sweden,National,National closure of all upper secondary educational institutions and universities.
2020-03-21,SYC,Seychelles,Localized,
2020-03-21,SYR,Syria Arab Republic,National,
2020-03-21,TCD,Chad,National,
2020-03-21,TGO,Togo,National,
2020-03-21,THA,Thailand,National,
2020-03-21,TTO,Trinidad and Tobago,National,
2020-03-21,TUN,Tunisia,National,
2020-03-21,TUR,Turkey,National,
2020-03-21,TZA,United Republic of Tanzania,National,Data on enrolment in tertiary education programmes is not available.
2020-03-21,UGA,Uganda,National,
2020-03-21,UKR,Ukraine,National,
2020-03-21,URY,Uruguay,National,
2020-03-21,USA,United States of America,Localized,
2020-03-21,UZB,Uzbekistan,National,
2020-03-21,VCT,Saint Vincent and the Grenadines,National,
2020-03-21,VEN,Venezuela,National,Data on enrolment in tertiary education programmes is not available.
2020-03-21,VGB,Virgin Islands,National,
2020-03-21,VNM,Viet Nam,Localized,
2020-03-21,ZAF,South Africa,National,
2020-03-21,ZMB,Zambia,National,
2020-03-22,AFG,Afghanistan,National,
2020-03-22,ALB,Albania,National,
2020-03-22,ARE,United Arab Emirates,National,
2020-03-22,ARG,Argentina,National,
2020-03-22,ARM,Armenia,National,
2020-03-22,AUT,Austria,National,
2020-03-22,AZE,Azerbaijan,National,
2020-03-22,BEL,Belgium,National,
2020-03-22,BFA,Burkina Faso,National,
2020-03-22,BGD,Bangladesh,National,
2020-03-22,BGR,Bulgaria,National,
2020-03-22,BHR,Bahrain,National,
2020-03-22,BHS,Bahamas,National,Data on enrolment in tertiary education programmes is not available.
2020-03-22,BIH,Bosnia and Herzegovina,National,
2020-03-22,BOL,Bolivia,National,Data on enrolment in tertiary education programmes is not available.
2020-03-22,BRA,Brazil,Localized,
2020-03-22,BTN,Bhutan,Localized,
2020-03-22,BWA,Botswana,National,
2020-03-22,CAN,Canada,Localized,
2020-03-22,CHE,Switzerland,National,
2020-03-22,CHL,Chile,National,
2020-03-22,CHN,China,National,
2020-03-22,CHN,"China, Hong Kong Special Administrative Region",National,
2020-03-22,CHN,"China, Macao Special Administrative Region",National,
2020-03-22,CIV,Cote d'Ivoire,National,
2020-03-22,CMR,Cameroon,National,
2020-03-22,COD,Democratic Republic of the Congo,National,
2020-03-22,COL,Colombia,National,
2020-03-22,CRI,Costa Rica,National,
2020-03-22,CYM,Cayman Islands,National,Data on enrolment in tertiary education programmes is not available.
2020-03-22,CYP,Cyprus,National,
2020-03-22,CZE,Czechia,National,
2020-03-22,DEU,Germany,National,
2020-03-22,DNK,Denmark,National,
2020-03-22,DZA,Algeria,National,
2020-03-22,ECU,Ecuador,National,
2020-03-22,EGY,Egypt,National,
2020-03-22,ESP,Spain,National,
2020-03-22,EST,Estonia,National,
2020-03-22,ETH,Ethiopia,National,
2020-03-22,FIN,Finland,National,
2020-03-22,FJI,Fiji,Localized,
2020-03-22,FRA,France,National,
2020-03-22,FRO,Faroe Islands,National,"Education will continue in the early grades in special circumstances, and for the higher grades, when considered necessary for the completion of studies."
2020-03-22,GAB,Gabon,National,
2020-03-22,GBR,United Kingdom of Great Britain and Northern Ireland,National,
2020-03-22,GEO,Georgia,National,
2020-03-22,GHA,Ghana,National,
2020-03-22,GMB,Gambia,National,
2020-03-22,GNB,Guinea-Bissau,National,Data on enrolment in tertiary education programmes is not available.
2020-03-22,GNQ,Equatorial Guinea,National,Data on enrolment in tertiary education programmes is not available.
2020-03-22,GRC,Greece,National,
2020-03-22,GRD,Grenada,National,
2020-03-22,GRL,Greenland,Localized,
2020-03-22,GTM,Guatemala,National,
2020-03-22,HND,Honduras,National,
2020-03-22,HRV,Croatia,National,
2020-03-22,HUN,Hungary,National,
2020-03-22,IDN,Indonesia,Localized,
2020-03-22,IND,India,National,"While no national level announcement has been made, 27 of 28 states and 5 of 8 union territories have announced school closures with some variations in school levels."
2020-03-22,IRL,Ireland,National,
2020-03-22,IRN,Iran (Islamic Republic of),National,
2020-03-22,IRQ,Iraq,National,Universities on term break. Closures not related to COVID-19.
2020-03-22,ISL,Iceland,National,"Primary education institutions can remain open, if classes of under 20 children are assured."
2020-03-22,ISR,Israel,National,
2020-03-22,ITA,Italy,National,
2020-03-22,JAM,Jamaica,National,
2020-03-22,JOR,Jordan,National,
2020-03-22,JPN,Japan,National,
2020-03-22,KAZ,Kazakhstan,National,
2020-03-22,KEN,Kenya,National,
2020-03-22,KGZ,Kyrgyzstan,National,
2020-03-22,KHM,Cambodia,National,
2020-03-22,KOR,Republic of Korea,National,"Following an initial postponement of 2 weeks, universities have started the academic year. Group and face-to-face classes are strongly discouraged, and universities are offering online classes."
2020-03-22,KWT,Kuwait,National,
2020-03-22,LAO,Lao PDR,National,
2020-03-22,LBN,Lebanon,National,
2020-03-22,LBR,Liberia,National,
2020-03-22,LBY,Libya,National,
2020-03-22,LCA,Saint Lucia,National,
2020-03-22,LKA,Sri Lanka,National,
2020-03-22,LSO,Lesotho,National,
2020-03-22,LTU,Lithuania,National,
2020-03-22,LUX,Luxembourg,National,
2020-03-22,LVA,Latvia,National,
2020-03-22,MAR,Morocco,National,
2020-03-22,MDA,Republic of Moldova,National,
2020-03-22,MDG,Madagascar,National,
2020-03-22,MDV,Maldives,National,
2020-03-22,MKD,North Macedonia,National,
2020-03-22,MLI,Mali,National,
2020-03-22,MMR,Myanmar,National,
2020-03-22,MNE,Montenegro,National,
2020-03-22,MNG,Mongolia,National,
2020-03-22,MRT,Mauritania,National,
2020-03-22,MUS,Mauritius,National,
2020-03-22,MYS,Malaysia,National,
2020-03-22,NAM,Namibia,National,
2020-03-22,NER,Niger,National,
2020-03-22,NLD,Netherlands,National,
2020-03-22,NOR,Norway,National,
2020-03-22,NPL,Nepal,National,
2020-03-22,PAK,Pakistan,National,
2020-03-22,PAN,Panama,National,
2020-03-22,PER,Peru,National,
2020-03-22,PHL,Philippines,Localized,
2020-03-22,POL,Poland,National,
2020-03-22,PRK,Democratic People's Republic of Korea,National,
2020-03-22,PRT,Portugal,National,
2020-03-22,PRY,Paraguay,National,
2020-03-22,PSE,Palestine,National,
2020-03-22,QAT,Qatar,National,
2020-03-22,ROU,Romania,National,"While all schools are closed, most universities are open."
2020-03-22,RUS,Russian Federation,Localized,
2020-03-22,RWA,Rwanda,National,
2020-03-22,SAU,Saudi Arabia,National,
2020-03-22,SDN,Sudan,National,
2020-03-22,SEN,Senegal,National,
2020-03-22,SLV,El Salvador,National,
2020-03-22,SOM,Somalia,National,Data on enrolment in tertiary education programmes is not available.
2020-03-22,SRB,Serbia,National,
2020-03-22,SSD,South Sudan,National,Data on enrolment in tertiary education programmes is not available.
2020-03-22,STP,So Tom and Prncipe,National,
2020-03-22,SVK,Slovakia,National,
2020-03-22,SVN,Slovenia,National,
2020-03-22,SWE,Sweden,National,National closure of all upper secondary educational institutions and universities.
2020-03-22,SYC,Seychelles,Localized,
2020-03-22,SYR,Syria Arab Republic,National,
2020-03-22,TCD,Chad,National,
2020-03-22,TGO,Togo,National,
2020-03-22,THA,Thailand,National,
2020-03-22,TTO,Trinidad and Tobago,National,
2020-03-22,TUN,Tunisia,National,
2020-03-22,TUR,Turkey,National,
2020-03-22,TZA,United Republic of Tanzania,National,Data on enrolment in tertiary education programmes is not available.
2020-03-22,UGA,Uganda,National,
2020-03-22,UKR,Ukraine,National,
2020-03-22,URY,Uruguay,National,
2020-03-22,USA,United States of America,Localized,
2020-03-22,UZB,Uzbekistan,National,
2020-03-22,VCT,Saint Vincent and the Grenadines,National,
2020-03-22,VEN,Venezuela,National,Data on enrolment in tertiary education programmes is not available.
2020-03-22,VGB,Virgin Islands,National,
2020-03-22,VNM,Viet Nam,Localized,
2020-03-22,ZAF,South Africa,National,
2020-03-22,ZMB,Zambia,National,
2020-03-23,AFG,Afghanistan,National,
2020-03-23,ALB,Albania,National,
2020-03-23,ARE,United Arab Emirates,National,
2020-03-23,ARG,Argentina,National,
2020-03-23,ARM,Armenia,National,
2020-03-23,AUT,Austria,National,
2020-03-23,AZE,Azerbaijan,National,
2020-03-23,BEL,Belgium,National,
2020-03-23,BFA,Burkina Faso,National,
2020-03-23,BGD,Bangladesh,National,
2020-03-23,BGR,Bulgaria,National,
2020-03-23,BHR,Bahrain,National,
2020-03-23,BHS,Bahamas,National,Data on enrolment in tertiary education programmes is not available.
2020-03-23,BIH,Bosnia and Herzegovina,National,
2020-03-23,BOL,Bolivia,National,Data on enrolment in tertiary education programmes is not available.
2020-03-23,BRA,Brazil,Localized,
2020-03-23,BTN,Bhutan,Localized,
2020-03-23,BWA,Botswana,National,
2020-03-23,CAN,Canada,Localized,
2020-03-23,CHE,Switzerland,National,
2020-03-23,CHL,Chile,National,
2020-03-23,CHN,China,National,
2020-03-23,CHN,"China, Hong Kong Special Administrative Region",National,
2020-03-23,CHN,"China, Macao Special Administrative Region",National,
2020-03-23,CIV,Cote d'Ivoire,National,
2020-03-23,CMR,Cameroon,National,
2020-03-23,COD,Democratic Republic of the Congo,National,
2020-03-23,COL,Colombia,National,
2020-03-23,CRI,Costa Rica,National,
2020-03-23,CYM,Cayman Islands,National,Data on enrolment in tertiary education programmes is not available.
2020-03-23,CYP,Cyprus,National,
2020-03-23,CZE,Czechia,National,
2020-03-23,DEU,Germany,National,
2020-03-23,DNK,Denmark,National,
2020-03-23,DZA,Algeria,National,
2020-03-23,ECU,Ecuador,National,
2020-03-23,EGY,Egypt,National,
2020-03-23,ESP,Spain,National,
2020-03-23,EST,Estonia,National,
2020-03-23,ETH,Ethiopia,National,
2020-03-23,FIN,Finland,National,
2020-03-23,FJI,Fiji,Localized,
2020-03-23,FRA,France,National,
2020-03-23,FRO,Faroe Islands,National,"Education will continue in the early grades in special circumstances, and for the higher grades, when considered necessary for the completion of studies."
2020-03-23,GAB,Gabon,National,
2020-03-23,GBR,United Kingdom of Great Britain and Northern Ireland,National,
2020-03-23,GEO,Georgia,National,
2020-03-23,GHA,Ghana,National,
2020-03-23,GMB,Gambia,National,
2020-03-23,GNB,Guinea-Bissau,National,Data on enrolment in tertiary education programmes is not available.
2020-03-23,GNQ,Equatorial Guinea,National,Data on enrolment in tertiary education programmes is not available.
2020-03-23,GRC,Greece,National,
2020-03-23,GRD,Grenada,National,
2020-03-23,GRL,Greenland,Localized,
2020-03-23,GTM,Guatemala,National,
2020-03-23,HND,Honduras,National,
2020-03-23,HRV,Croatia,National,
2020-03-23,HUN,Hungary,National,
2020-03-23,IDN,Indonesia,Localized,
2020-03-23,IND,India,National,"While no national level announcement has been made, 27 of 28 states and 5 of 8 union territories have announced school closures with some variations in school levels."
2020-03-23,IRL,Ireland,National,
2020-03-23,IRN,Iran (Islamic Republic of),National,
2020-03-23,IRQ,Iraq,National,Universities on term break. Closures not related to COVID-19.
2020-03-23,ISL,Iceland,National,"Primary education institutions can remain open, if classes of under 20 children are assured."
2020-03-23,ISR,Israel,National,
2020-03-23,ITA,Italy,National,
2020-03-23,JAM,Jamaica,National,
2020-03-23,JOR,Jordan,National,
2020-03-23,JPN,Japan,National,
2020-03-23,KAZ,Kazakhstan,National,
2020-03-23,KEN,Kenya,National,
2020-03-23,KGZ,Kyrgyzstan,National,
2020-03-23,KHM,Cambodia,National,
2020-03-23,KOR,Republic of Korea,National,"Following an initial postponement of 2 weeks, universities have started the academic year. Group and face-to-face classes are strongly discouraged, and universities are offering online classes."
2020-03-23,KWT,Kuwait,National,
2020-03-23,LAO,Lao PDR,National,
2020-03-23,LBN,Lebanon,National,
2020-03-23,LBR,Liberia,National,
2020-03-23,LBY,Libya,National,
2020-03-23,LCA,Saint Lucia,National,
2020-03-23,LKA,Sri Lanka,National,
2020-03-23,LSO,Lesotho,National,
2020-03-23,LTU,Lithuania,National,
2020-03-23,LUX,Luxembourg,National,
2020-03-23,LVA,Latvia,National,
2020-03-23,MAR,Morocco,National,
2020-03-23,MDA,Republic of Moldova,National,
2020-03-23,MDG,Madagascar,National,
2020-03-23,MDV,Maldives,National,
2020-03-23,MEX,Mexico,National,
2020-03-23,MKD,North Macedonia,National,
2020-03-23,MLI,Mali,National,
2020-03-23,MMR,Myanmar,National,
2020-03-23,MNE,Montenegro,National,
2020-03-23,MNG,Mongolia,National,
2020-03-23,MOZ,Mozambique,National,
2020-03-23,MRT,Mauritania,National,
2020-03-23,MUS,Mauritius,National,
2020-03-23,MWI,Malawi,National,
2020-03-23,MYS,Malaysia,National,
2020-03-23,NAM,Namibia,National,
2020-03-23,NER,Niger,National,
2020-03-23,NGA,Nigeria,National,
2020-03-23,NLD,Netherlands,National,
2020-03-23,NOR,Norway,National,
2020-03-23,NPL,Nepal,National,
2020-03-23,PAK,Pakistan,National,
2020-03-23,PAN,Panama,National,
2020-03-23,PER,Peru,National,
2020-03-23,PHL,Philippines,Localized,
2020-03-23,POL,Poland,National,
2020-03-23,PRK,Democratic People's Republic of Korea,National,
2020-03-23,PRT,Portugal,National,
2020-03-23,PRY,Paraguay,National,
2020-03-23,PSE,Palestine,National,
2020-03-23,QAT,Qatar,National,
2020-03-23,ROU,Romania,National,"While all schools are closed, most universities are open."
2020-03-23,RUS,Russian Federation,Localized,
2020-03-23,RWA,Rwanda,National,
2020-03-23,SAU,Saudi Arabia,National,
2020-03-23,SDN,Sudan,National,
2020-03-23,SEN,Senegal,National,
2020-03-23,SLV,El Salvador,National,
2020-03-23,SOM,Somalia,National,Data on enrolment in tertiary education programmes is not available.
2020-03-23,SRB,Serbia,National,
2020-03-23,SSD,South Sudan,National,Data on enrolment in tertiary education programmes is not available.
2020-03-23,STP,So Tom and Prncipe,National,
2020-03-23,SVK,Slovakia,National,
2020-03-23,SVN,Slovenia,National,
2020-03-23,SWE,Sweden,National,National closure of all upper secondary educational institutions and universities.
2020-03-23,SYC,Seychelles,Localized,
2020-03-23,SYR,Syria Arab Republic,National,
2020-03-23,TCD,Chad,National,
2020-03-23,TGO,Togo,National,
2020-03-23,THA,Thailand,National,
2020-03-23,TLS,Timor-Leste,National,
2020-03-23,TTO,Trinidad and Tobago,National,
2020-03-23,TUN,Tunisia,National,
2020-03-23,TUR,Turkey,National,
2020-03-23,TZA,United Republic of Tanzania,National,Data on enrolment in tertiary education programmes is not available.
2020-03-23,UGA,Uganda,National,
2020-03-23,UKR,Ukraine,National,
2020-03-23,URY,Uruguay,National,
2020-03-23,USA,United States of America,Localized,
2020-03-23,UZB,Uzbekistan,National,
2020-03-23,VCT,Saint Vincent and the Grenadines,National,
2020-03-23,VEN,Venezuela,National,Data on enrolment in tertiary education programmes is not available.
2020-03-23,VGB,Virgin Islands,National,
2020-03-23,VNM,Viet Nam,Localized,
2020-03-23,ZAF,South Africa,National,
2020-03-23,ZMB,Zambia,National,
